{"pitch": {"f": [[116.6, 120.1, 123.6, 127.1, 130.6, 134.1, 137.6, 141.1, 144.6, 148.1, 151.6, 155.1, 158.6, 162.1, 165.6, 169.0, 172.5, 176.0, 179.5, 183.0, 186.5, 190.0, 193.5, 197.0, 200.5, 204.0, 207.5, 211.0, 214.5, 218.0, 221.5, 225.0, 228.5, 232.0, 235.5, 239.0, 242.5, 246.0, 249.5, 253.0, 256.5, 259.9, 263.4, 266.9, 270.4, 273.9, 277.4, 280.9, 284.4, 287.9], [0.000239, 0.000281, 0.000306, 0.000327, 0.00034, 0.000342, 0.000371, 0.000508, 0.00083, 0.001372, 0.002127, 0.00308, 0.0042, 0.005453, 0.006871, 0.008576, 0.010626, 0.012839, 0.014853, 0.016377, 0.0173, 0.01756, 0.017099, 0.016047, 0.014804, 0.013774, 0.013065, 0.012483, 0.011783, 0.010874, 0.009828, 0.00873, 0.007576, 0.006316, 0.004969, 0.00368, 0.002619, 0.001861, 0.001352, 0.000991, 0.000708, 0.00049, 0.000351, 0.000287, 0.000257, 0.000218, 0.000168, 0.000134, 0.000124, 0.000119]], "m": [[95.1, 98.8, 102.5, 106.3, 110.0, 113.7, 117.4, 121.1, 124.8, 128.6, 132.3, 136.0, 139.7, 143.4, 147.1, 150.9, 154.6, 158.3, 162.0, 165.7, 169.4, 173.2, 176.9, 180.6, 184.3, 188.0, 191.7, 195.5, 199.2, 202.9, 206.6, 210.3, 214.0, 217.8, 221.5, 225.2, 228.9, 232.6, 236.3, 240.1, 243.8, 247.5, 251.2, 254.9, 258.6, 262.4, 266.1, 269.8, 273.5, 277.2], [0.000909, 0.002198, 0.004632, 0.008472, 0.013258, 0.017936, 0.02162, 0.023922, 0.024817, 0.024276, 0.022344, 0.019776, 0.017231, 0.014488, 0.011424, 0.008576, 0.006679, 0.005712, 0.004895, 0.003772, 0.002607, 0.001833, 0.001476, 0.001282, 0.001106, 0.000903, 0.000659, 0.000449, 0.000322, 0.000246, 0.000191, 0.000133, 6.7e-05, 2.1e-05, 4e-06, 0.0, 0.0, 0.0, 0.0, 0.0, 0.0, 0.0, 0.0, 0.0, 0.0, 1e-06, 1e-05, 4e-05, 9.1e-05, 0.00012]]}, "f1": {"f": [[507.9, 512.5, 517.1, 521.7, 526.3, 530.8, 535.4, 540.0, 544.6, 549.2, 553.8, 558.4, 563.0, 567.5, 572.1, 576.7, 581.3, 585.9, 590.5, 595.1, 599.7, 604.2, 608.8, 613.4, 618.0, 622.6, 627.2, 631.8, 636.4, 640.9, 645.5, 650.1, 654.7, 659.3, 663.9, 668.5, 673.1, 677.6, 682.2, 686.8, 691.4, 696.0, 700.6, 705.2, 709.7, 714.3, 718.9, 723.5, 728.1, 732.7], [0.000426, 0.000572, 0.00074, 0.000947, 0.001216, 0.001567, 0.002008, 0.002535, 0.003125, 0.003746, 0.004359, 0.004929, 0.00544, 0.005896, 0.006315, 0.006728, 0.00717, 0.007659, 0.008172, 0.008648, 0.009015, 0.009232, 0.009305, 0.009265, 0.009134, 0.008902, 0.008546, 0.008058, 0.007465, 0.006829, 0.006219, 0.005681, 0.005223, 0.004815, 0.004417, 0.003993, 0.003531, 0.003045, 0.002567, 0.00213, 0.001752, 0.001433, 0.001161, 0.000921, 0.000705, 0.000519, 0.000372, 0.000268, 0.000198, 0.000148]], "m": [[444.8, 453.5, 462.2, 470.9, 479.7, 488.4, 497.1, 505.8, 514.5, 523.2, 531.9, 540.6, 549.4, 558.1, 566.8, 575.5, 584.2, 592.9, 601.6, 610.4, 619.1, 627.8, 636.5, 645.2, 653.9, 662.6, 671.3, 680.1, 688.8, 697.5, 706.2, 714.9, 723.6, 732.3, 741.1, 749.8, 758.5, 767.2, 775.9, 784.6, 793.3, 802.0, 810.8, 819.5, 828.2, 836.9, 845.6, 854.3, 863.0, 871.7], [0.000143, 0.000296, 0.000596, 0.001162, 0.002001, 0.00295, 0.003955, 0.005155, 0.006556, 0.007942, 0.009073, 0.009743, 0.009801, 0.009316, 0.008519, 0.007539, 0.006422, 0.005258, 0.00419, 0.003317, 0.002627, 0.002064, 0.00156, 0.001127, 0.000829, 0.000619, 0.000433, 0.000293, 0.000219, 0.000192, 0.000171, 0.000132, 8.3e-05, 4.6e-05, 3.7e-05, 4.8e-05, 4.8e-05, 2.9e-05, 1.1e-05, 2e-06, 0.0, 0.0, 0.0, 0.0, 0.0, 1e-06, 5e-06, 1.8e-05, 3.8e-05, 5e-05]]}, "f2": {"f": [[1557.0, 1564.2, 1571.4, 1578.6, 1585.8, 1593.0, 1600.2, 1607.5, 1614.7, 1621.9, 1629.1, 1636.3, 1643.5, 1650.7, 1657.9, 1665.1, 1672.3, 1679.5, 1686.7, 1693.9, 1701.1, 1708.3, 1715.5, 1722.8, 1730.0, 1737.2, 1744.4, 1751.6, 1758.8, 1766.0, 1773.2, 1780.4, 1787.6, 1794.8, 1802.0, 1809.2, 1816.4, 1823.6, 1830.8, 1838.0, 1845.3, 1852.5, 1859.7, 1866.9, 1874.1, 1881.3, 1888.5, 1895.7, 1902.9, 1910.1], [0.000112, 0.000163, 0.000225, 0.000295, 0.000373, 0.000459, 0.00056, 0.00068, 0.000819, 0.000979, 0.001167, 0.001403, 0.001699, 0.002047, 0.002417, 0.002782, 0.003139, 0.003507, 0.003912, 0.004366, 0.004853, 0.005333, 0.005749, 0.006055, 0.006237, 0.006313, 0.006317, 0.006267, 0.006162, 0.005994, 0.005773, 0.005517, 0.005227, 0.004879, 0.004454, 0.003964, 0.003456, 0.002978, 0.002549, 0.002157, 0.001784, 0.001427, 0.001101, 0.000822, 0.000599, 0.00043, 0.00031, 0.000231, 0.000179, 0.00014]], "m": [[1375.0, 1385.2, 1395.4, 1405.7, 1415.9, 1426.1, 1436.4, 1446.6, 1456.8, 1467.1, 1477.3, 1487.5, 1497.8, 1508.0, 1518.2, 1528.5, 1538.7, 1548.9, 1559.1, 1569.4, 1579.6, 1589.8, 1600.1, 1610.3, 1620.5, 1630.8, 1641.0, 1651.2, 1661.5, 1671.7, 1681.9, 1692.2, 1702.4, 1712.6, 1722.9, 1733.1, 1743.3, 1753.6, 1763.8, 1774.0, 1784.2, 1794.5, 1804.7, 1814.9, 1825.2, 1835.4, 1845.6, 1855.9, 1866.1, 1876.3], [3.6e-05, 3.7e-05, 3.6e-05, 3.7e-05, 3.5e-05, 2.8e-05, 1.9e-05, 1.7e-05, 3.7e-05, 9.4e-05, 0.000202, 0.000366, 0.000595, 0.000902, 0.001293, 0.001741, 0.002186, 0.002597, 0.003007, 0.003467, 0.003989, 0.004543, 0.005089, 0.005565, 0.005906, 0.006082, 0.006112, 0.005998, 0.005706, 0.005239, 0.004674, 0.004098, 0.003536, 0.002955, 0.002346, 0.001782, 0.001363, 0.001114, 0.000958, 0.000821, 0.000686, 0.000564, 0.000453, 0.00035, 0.00026, 0.000187, 0.000138, 0.000113, 0.000103, 9e-05]]}, "f3": {"f": [[2553.0, 2562.4, 2571.8, 2581.2, 2590.6, 2600.0, 2609.4, 2618.8, 2628.2, 2637.6, 2647.0, 2656.4, 2665.8, 2675.2, 2684.6, 2694.0, 2703.4, 2712.8, 2722.2, 2731.6, 2741.0, 2750.4, 2759.8, 2769.2, 2778.6, 2788.0, 2797.4, 2806.8, 2816.2, 2825.6, 2835.0, 2844.4, 2853.8, 2863.2, 2872.6, 2882.0, 2891.4, 2900.8, 2910.2, 2919.6, 2929.0, 2938.4, 2947.8, 2957.2, 2966.6, 2976.0, 2985.4, 2994.8, 3004.2, 3013.6], [0.000126, 0.000172, 0.000228, 0.000294, 0.00037, 0.000463, 0.000583, 0.000747, 0.000962, 0.001221, 0.001506, 0.001803, 0.002117, 0.002465, 0.002852, 0.003261, 0.003655, 0.004006, 0.004317, 0.004606, 0.004877, 0.005104, 0.005242, 0.005258, 0.005155, 0.004967, 0.004726, 0.004448, 0.004134, 0.003784, 0.003407, 0.003015, 0.002624, 0.002252, 0.00192, 0.001642, 0.001416, 0.001229, 0.001067, 0.000919, 0.000774, 0.000632, 0.000496, 0.000375, 0.000278, 0.000205, 0.00015, 0.00011, 8.1e-05, 5.9e-05]], "m": [[2392.1, 2404.6, 2417.0, 2429.5, 2441.9, 2454.4, 2466.8, 2479.3, 2491.7, 2504.2, 2516.6, 2529.1, 2541.5, 2554.0, 2566.4, 2578.9, 2591.3, 2603.8, 2616.3, 2628.7, 2641.2, 2653.6, 2666.1, 2678.5, 2691.0, 2703.4, 2715.9, 2728.3, 2740.8, 2753.2, 2765.7, 2778.1, 2790.6, 2803.0, 2815.5, 2827.9, 2840.4, 2852.8, 2865.3, 2877.7, 2890.2, 2902.6, 2915.1, 2927.5, 2940.0, 2952.4, 2964.9, 2977.4, 2989.8, 3002.3], [2.9e-05, 2.6e-05, 2.3e-05, 3e-05, 5.8e-05, 0.000115, 0.000207, 0.000324, 0.000453, 0.000596, 0.000772, 0.001006, 0.001299, 0.001634, 0.00201, 0.002484, 0.003113, 0.003843, 0.004502, 0.00494, 0.005127, 0.005137, 0.005066, 0.004967, 0.004828, 0.004605, 0.004253, 0.00376, 0.003164, 0.002544, 0.001981, 0.001523, 0.001178, 0.000928, 0.000753, 0.000638, 0.000562, 0.000493, 0.000401, 0.000283, 0.000172, 9.8e-05, 6.5e-05, 5.3e-05, 4.4e-05, 3.3e-05, 2.3e-05, 2.1e-05, 2.6e-05, 2.9e-05]]}, "tilt": {"f": [[-0.5, -0.4, -0.4, -0.4, -0.4, -0.4, -0.4, -0.4, -0.4, -0.4, -0.4, -0.4, -0.4, -0.4, -0.4, -0.4, -0.3, -0.3, -0.3, -0.3, -0.3, -0.3, -0.3, -0.3, -0.3, -0.3, -0.3, -0.3, -0.3, -0.3, -0.3, -0.2, -0.2, -0.2, -0.2, -0.2, -0.2, -0.2, -0.2, -0.2, -0.2, -0.2, -0.2, -0.2, -0.2, -0.2, -0.1, -0.1, -0.1, -0.1], [0.060157, 0.06715, 0.073619, 0.086702, 0.116295, 0.175527, 0.277511, 0.427889, 0.621633, 0.850846, 1.118768, 1.44743, 1.869008, 2.403961, 3.042952, 3.747036, 4.465032, 5.158912, 5.82306, 6.474696, 7.109461, 7.660423, 8.010901, 8.063296, 7.810666, 7.350828, 6.828079, 6.349797, 5.946355, 5.5939, 5.25606, 4.900852, 4.499685, 4.03561, 3.518649, 2.986391, 2.486441, 2.056879, 1.716484, 1.464519, 1.285251, 1.153247, 1.038853, 0.916038, 0.772239, 0.613829, 0.460515, 0.331081, 0.232095, 0.158475]],