{"pitch": {"f": [[116.6, 120.1, 123.6, 127.1, 130.6, 134.1, 137.6, 141.1, 144.6, 148.1, 151.6, 155.1, 158.6, 162.1, 165.6, 169.0, 172.5, 176.0, 179.5, 183.0, 186.5, 190.0, 193.5, 197.0, 200.5, 204.0, 207.5, 211.0, 214.5, 218.0, 221.5, 225.0, 228.5, 232.0, 235.5, 239.0, 242.5, 246.0, 249.5, 253.0, 256.5, 259.9, 263.4, 266.9, 270.4, 273.9, 277.4, 280.9, 284.4, 287.9], [0.0002385, 0.0002812, 0.0003063, 0.000327, 0.0003396, 0.0003417, 0.000371, 0.0005076, 0.0008299, 0.001372, 0.002127, 0.00308, 0.0042, 0.005453, 0.006871, 0.008576, 0.01063, 0.01284, 0.01485, 0.01638, 0.0173, 0.01756, 0.0171, 0.01605, 0.0148, 0.01377, 0.01306, 0.01248, 0.01178, 0.01087, 0.009828, 0.00873, 0.007576, 0.006316, 0.004969, 0.00368, 0.002619, 0.001861, 0.001352, 0.0009912, 0.0007084, 0.0004902, 0.0003512, 0.0002875, 0.0002574, 0.0002182, 0.0001684, 0.0001341, 0.0001244, 0.0001193]], "m": [[95.1, 98.82, 102.5, 106.3, 110.0, 113.7, 117.4, 121.1, 124.8, 128.6, 132.3, 136.0, 139.7, 143.4, 147.1, 150.9, 154.6, 158.3, 162.0, 165.7, 169.4, 173.2, 176.9, 180.6, 184.3, 188.0, 191.7, 195.5, 199.2, 202.9, 206.6, 210.3, 214.0, 217.8, 221.5, 225.2, 228.9, 232.6, 236.3, 240.1, 243.8, 247.5, 251.2, 254.9, 258.6, 262.4, 266.1, 269.8, 273.5, 277.2], [0.0009089, 0.002198, 0.004632, 0.008472, 0.01326, 0.01794, 0.02162, 0.02392, 0.02482, 0.02428, 0.02234, 0.01978, 0.01723, 0.01449, 0.01142, 0.008576, 0.006679, 0.005712, 0.004895, 0.003772, 0.002607, 0.001833, 0.001476, 0.001282, 0.001106, 0.0009028, 0.0006593, 0.0004488, 0.0003218, 0.000246, 0.0001913, 0.000133, 6.664e-05, 2.085e-05, 3.85e-06, 4.121e-07, 2.542e-08, 9.02e-10, 1.84e-11, 2.158e-13, 2.324e-14, 2.414e-12, 1.537e-10, 5.625e-09, 1.183e-07, 1.43e-06, 9.937e-06, 3.968e-05, 9.106e-05, 0.0001201]]}, "f1": {"f": [[507.9, 512.5, 517.1, 521.7, 526.3, 530.8, 535.4, 540.0, 544.6, 549.2, 553.8, 558.4, 563.0, 567.5, 572.1, 576.7, 581.3, 585.9, 590.5, 595.1, 599.7, 604.2, 608.8, 613.4, 618.0, 622.6, 627.2, 631.8, 636.4, 640.9, 645.5, 650.1, 654.7, 659.3, 663.9, 668.5, 673.1, 677.6, 682.2, 686.8, 691.4, 696.0, 700.6, 705.2, 709.7, 714.3, 718.9, 723.5, 728.1, 732.7], [0.0004256, 0.0005718, 0.0007402, 0.0009474, 0.001216, 0.001567, 0.002008, 0.002535, 0.003125, 0.003746, 0.004359, 0.004929, 0.00544, 0.005896, 0.006315, 0.006728, 0.00717, 0.007659, 0.008172, 0.008648, 0.009015, 0.009232, 0.009305, 0.009265, 0.009134, 0.008902, 0.008546, 0.008058, 0.007465, 0.006829, 0.006219, 0.005681, 0.005223, 0.004815, 0.004417, 0.003993, 0.003531, 0.003045, 0.002567, 0.00213, 0.001752, 0.001433, 0.001161, 0.0009206, 0.0007048, 0.0005189, 0.0003724, 0.0002681, 0.0001979, 0.0001481]], "m": [[444.8, 453.5, 462.2, 470.9, 479.7, 488.4, 497.1, 505.8, 514.5, 523.2, 531.9, 540.6, 549.4, 558.1, 566.8, 575.5, 584.2, 592.9, 601.6, 610.4, 619.1, 627.8, 636.5, 645.2, 653.9, 662.6, 671.3, 680.1, 688.8, 697.5, 706.2, 714.9, 723.6, 732.3, 741.1, 749.8, 758.5, 767.2, 775.9, 784.6, 793.3, 802.0, 810.8, 819.5, 828.2, 836.9, 845.6, 854.3, 863.0, 871.7], [0.0001434, 0.0002958, 0.0005961, 0.001162, 0.002001, 0.00295, 0.003955, 0.005155, 0.006556, 0.007942, 0.009073, 0.009743, 0.009801, 0.009316, 0.008519, 0.007539, 0.006422, 0.005258, 0.00419, 0.003317, 0.002627, 0.002064, 0.00156, 0.001127, 0.0008295, 0.0006194, 0.0004331, 0.0002928, 0.0002192, 0.000192, 0.0001708, 0.0001321, 8.308e-05, 4.569e-05, 3.726e-05, 4.765e-05, 4.765e-05, 2.943e-05, 1.087e-05, 2.391e-06, 3.13e-07, 2.44e-08, 1.282e-09, 4.4e-09, 7.575e-08, 7.819e-07, 4.804e-06, 1.757e-05, 3.826e-05, 4.959e-05]]}, "f2": {"f": [[1557.0, 1564.0, 1571.0, 1579.0, 1586.0, 1593.0, 1600.0, 1607.0, 1615.0, 1622.0, 1629.0, 1636.0, 1643.0, 1651.0, 1658.0, 1665.0, 1672.0, 1680.0, 1687.0, 1694.0, 1701.0, 1708.0, 1716.0, 1723.0, 1730.0, 1737.0, 1744.0, 1752.0, 1759.0, 1766.0, 1773.0, 1780.0, 1788.0, 1795.0, 1802.0, 1809.0, 1816.0, 1824.0, 1831.0, 1838.0, 1845.0, 1852.0, 1860.0, 1867.0, 1874.0, 1881.0, 1888.0, 1896.0, 1903.0, 1910.0], [0.000112, 0.0001628, 0.0002248, 0.0002953, 0.0003726, 0.0004588, 0.0005596, 0.0006797, 0.0008193, 0.0009787, 0.001167, 0.001403, 0.001699, 0.002047, 0.002417, 0.002782, 0.003139, 0.003507, 0.003912, 0.004366, 0.004853, 0.005333, 0.005749, 0.006055, 0.006237, 0.006313, 0.006317, 0.006267, 0.006162, 0.005994, 0.005773, 0.005517, 0.005227, 0.004879, 0.004454, 0.003964, 0.003456, 0.002978, 0.002549, 0.002157, 0.001784, 0.001427, 0.001101, 0.000822, 0.0005989, 0.0004302, 0.0003103, 0.0002307, 0.0001787, 0.00014]], "m": [[1375.0, 1385.0, 1395.0, 1406.0, 1416.0, 1426.0, 1436.0, 1447.0, 1457.0, 1467.0, 1477.0, 1488.0, 1498.0, 1508.0, 1518.0, 1528.0, 1539.0, 1549.0, 1559.0, 1569.0, 1580.0, 1590.0, 1600.0, 1610.0, 1621.0, 1631.0, 1641.0, 1651.0, 1661.0, 1672.0, 1682.0, 1692.0, 1702.0, 1713.0, 1723.0, 1733.0, 1743.0, 1754.0, 1764.0, 1774.0, 1784.0, 1794.0, 1805.0, 1815.0, 1825.0, 1835.0, 1846.0, 1856.0, 1866.0, 1876.0], [3.594e-05, 3.701e-05, 3.639e-05, 3.709e-05, 3.548e-05, 2.8e-05, 1.857e-05, 1.729e-05, 3.735e-05, 9.441e-05, 0.0002018, 0.0003662, 0.0005947, 0.0009019, 0.001293, 0.001741, 0.002186, 0.002597, 0.003007, 0.003467, 0.003989, 0.004543, 0.005089, 0.005565, 0.005906, 0.006082, 0.006112, 0.005998, 0.005706, 0.005239, 0.004674, 0.004098, 0.003536, 0.002955, 0.002346, 0.001782, 0.001363, 0.001114, 0.0009581, 0.0008206, 0.0006859, 0.0005639, 0.000453, 0.0003502, 0.0002598, 0.0001871, 0.0001376, 0.000113, 0.000103, 8.977e-05]]}, "f3": {"f": [[2553.0, 2562.0, 2572.0, 2581.0, 2591.0, 2600.0, 2609.0, 2619.0, 2628.0, 2638.0, 2647.0, 2656.0, 2666.0, 2675.0, 2685.0, 2694.0, 2703.0, 2713.0, 2722.0, 2732.0, 2741.0, 2750.0, 2760.0, 2769.0, 2779.0, 2788.0, 2797.0, 2807.0, 2816.0, 2826.0, 2835.0, 2844.0, 2854.0, 2863.0, 2873.0, 2882.0, 2891.0, 2901.0, 2910.0, 2920.0, 2929.0, 2938.0, 2948.0, 2957.0, 2967.0, 2976.0, 2985.0, 2995.0, 3004.0, 3014.0], [0.0001256, 0.0001721, 0.0002277, 0.0002936, 0.0003704, 0.000463, 0.0005834, 0.0007469, 0.0009616, 0.001221, 0.001506, 0.001803, 0.002117, 0.002465, 0.002852, 0.003261, 0.003655, 0.004006, 0.004317, 0.004606, 0.004877, 0.005104, 0.005242, 0.005258, 0.005155, 0.004967, 0.004726, 0.004448, 0.004134, 0.003784, 0.003407, 0.003015, 0.002624, 0.002252, 0.00192, 0.001642, 0.001416, 0.001229, 0.001067, 0.0009185, 0.0007744, 0.000632, 0.0004959, 0.0003755, 0.0002781, 0.0002046, 0.0001502, 0.00011, 8.06e-05, 5.873e-05]], "m": [[2392.0, 2405.0, 2417.0, 2429.0, 2442.0, 2454.0, 2467.0, 2479.0, 2492.0, 2504.0, 2517.0, 2529.0, 2542.0, 2554.0, 2566.0, 2579.0, 2591.0, 2604.0, 2616.0, 2629.0, 2641.0, 2654.0, 2666.0, 2679.0, 2691.0, 2703.0, 2716.0, 2728.0, 2741.0, 2753.0, 2766.0, 2778.0, 2791.0, 2803.0, 2815.0, 2828.0, 2840.0, 2853.0, 2865.0, 2878.0, 2890.0, 2903.0, 2915.0, 2928.0, 2940.0, 2952.0, 2965.0, 2977.0, 2990.0, 3002.0], [2.869e-05, 2.609e-05, 2.258e-05, 2.977e-05, 5.79e-05, 0.0001154, 0.0002067, 0.0003241, 0.0004535, 0.0005956, 0.0007721, 0.001006, 0.001299, 0.001634, 0.00201, 0.002484, 0.003113, 0.003843, 0.004502, 0.00494, 0.005127, 0.005137, 0.005066, 0.004967, 0.004828, 0.004605, 0.004253, 0.00376, 0.003164, 0.002544, 0.001981, 0.001523, 0.001178, 0.0009281, 0.0007529, 0.0006376, 0.0005623, 0.0004934, 0.0004005, 0.0002829, 0.0001717, 9.8e-05, 6.493e-05, 5.315e-05, 4.427e-05, 3.261e-05, 2.291e-05, 2.114e-05, 2.584e-05, 2.866e-05]]},